{
  "formatVersion": 1,
  "database": {
    "version": 2,
    "identityHash": "29790d4babbe129963d2c9282393c2d2",
    "entities": [
      {
        "tableName": "scaleMeasurements",
        "createSql": "CREATE TABLE IF NOT EXISTS `${TABLE_NAME}` (`id` INTEGER PRIMARY KEY AUTOINCREMENT NOT NULL, `userId` INTEGER NOT NULL, `enabled` INTEGER NOT NULL, `datetime` INTEGER, `weight` REAL NOT NULL, `fat` REAL NOT NULL, `water` REAL NOT NULL, `muscle` REAL NOT NULL, `lbw` REAL NOT NULL, `waist` REAL NOT NULL, `hip` REAL NOT NULL, `bone` REAL NOT NULL, `comment` TEXT, FOREIGN KEY(`userId`) REFERENCES `scaleUsers`(`id`) ON UPDATE NO ACTION ON DELETE CASCADE )",
        "fields": [
          {
            "fieldPath": "id",
            "columnName": "id",
            "affinity": "INTEGER",
            "notNull": true
          },
          {
            "fieldPath": "userId",
            "columnName": "userId",
            "affinity": "INTEGER",
            "notNull": true
          },
          {
            "fieldPath": "enabled",
            "columnName": "enabled",
            "affinity": "INTEGER",
            "notNull": true
          },
          {
            "fieldPath": "dateTime",
            "columnName": "datetime",
            "affinity": "INTEGER",
            "notNull": false
          },
          {
            "fieldPath": "weight",
            "columnName": "weight",
            "affinity": "REAL",
            "notNull": true
          },
          {
            "fieldPath": "fat",
            "columnName": "fat",
            "affinity": "REAL",
            "notNull": true
          },
          {
            "fieldPath": "water",
            "columnName": "water",
            "affinity": "REAL",
            "notNull": true
          },
          {
            "fieldPath": "muscle",
            "columnName": "muscle",
            "affinity": "REAL",
            "notNull": true
          },
          {
            "fieldPath": "lbm",
            "columnName": "lbw",
            "affinity": "REAL",
            "notNull": true
          },
          {
            "fieldPath": "waist",
            "columnName": "waist",
            "affinity": "REAL",
            "notNull": true
          },
          {
            "fieldPath": "hip",
            "columnName": "hip",
            "affinity": "REAL",
            "notNull": true
          },
          {
            "fieldPath": "bone",
            "columnName": "bone",
            "affinity": "REAL",
            "notNull": true
          },
          {
            "fieldPath": "comment",
            "columnName": "comment",
            "affinity": "TEXT",
            "notNull": false
          }
        ],
        "primaryKey": {
          "columnNames": [
            "id"
          ],
          "autoGenerate": true
        },
        "indices": [
          {
            "name": "index_scaleMeasurements_userId_datetime",
            "unique": true,
            "columnNames": [
              "userId",
              "datetime"
            ],
            "createSql": "CREATE UNIQUE INDEX `index_scaleMeasurements_userId_datetime` ON `${TABLE_NAME}` (`userId`, `datetime`)"
          }
        ],
        "foreignKeys": [
          {
            "table": "scaleUsers",
            "onDelete": "CASCADE",
            "onUpdate": "NO ACTION",
            "columns": [
              "userId"
            ],
            "referencedColumns": [
              "id"
            ]
          }
        ]
      },
      {
        "tableName": "scaleUsers",
        "createSql": "CREATE TABLE IF NOT EXISTS `${TABLE_NAME}` (`id` INTEGER PRIMARY KEY AUTOINCREMENT NOT NULL, `username` TEXT, `birthday` INTEGER, `bodyHeight` INTEGER NOT NULL, `scaleUnit` INTEGER NOT NULL, `gender` INTEGER NOT NULL, `initialWeight` REAL NOT NULL, `goalWeight` REAL NOT NULL, `goalDate` INTEGER)",
        "fields": [
          {
            "fieldPath": "id",
            "columnName": "id",
            "affinity": "INTEGER",
            "notNull": true
          },
          {
            "fieldPath": "userName",
            "columnName": "username",
            "affinity": "TEXT",
            "notNull": false
          },
          {
            "fieldPath": "birthday",
            "columnName": "birthday",
            "affinity": "INTEGER",
            "notNull": false
          },
          {
            "fieldPath": "bodyHeight",
            "columnName": "bodyHeight",
            "affinity": "INTEGER",
            "notNull": true
          },
          {
            "fieldPath": "scaleUnit",
            "columnName": "scaleUnit",
            "affinity": "INTEGER",
            "notNull": true
          },
          {
            "fieldPath": "gender",
            "columnName": "gender",
            "affinity": "INTEGER",
            "notNull": true
          },
          {
            "fieldPath": "initialWeight",
            "columnName": "initialWeight",
            "affinity": "REAL",
            "notNull": true
          },
          {
            "fieldPath": "goalWeight",
            "columnName": "goalWeight",
            "affinity": "REAL",
            "notNull": true
          },
          {
            "fieldPath": "goalDate",
            "columnName": "goalDate",
            "affinity": "INTEGER",
            "notNull": false
          }
        ],
        "primaryKey": {
          "columnNames": [
            "id"
          ],
          "autoGenerate": true
        },
        "indices": [],
        "foreignKeys": []
      }
    ],
    "setupQueries": [
      "CREATE TABLE IF NOT EXISTS room_master_table (id INTEGER PRIMARY KEY,identity_hash TEXT)",
      "INSERT OR REPLACE INTO room_master_table (id,identity_hash) VALUES(42, \"29790d4babbe129963d2c9282393c2d2\")"
    ]
  }
}