{
  "formatVersion": 1,
  "database": {
    "version": 4,
    "identityHash": "2db259b9e244ebad0c664f2c9fb36068",
    "entities": [
      {
        "tableName": "scaleMeasurements",
        "createSql": "CREATE TABLE IF NOT EXISTS `${TABLE_NAME}` (`id` INTEGER PRIMARY KEY AUTOINCREMENT NOT NULL, `userId` INTEGER NOT NULL, `enabled` INTEGER NOT NULL, `datetime` INTEGER, `weight` REAL NOT NULL, `fat` REAL NOT NULL, `water` REAL NOT NULL, `muscle` REAL NOT NULL, `visceralFat` REAL NOT NULL, `lbm` REAL NOT NULL, `waist` REAL NOT NULL, `hip` REAL NOT NULL, `bone` REAL NOT NULL, `chest` REAL NOT NULL, `thigh` REAL NOT NULL, `biceps` REAL NOT NULL, `neck` REAL NOT NULL, `caliper1` REAL NOT NULL, `caliper2` REAL NOT NULL, `caliper3` REAL NOT NULL, `calories` REAL NOT NULL, `comment` TEXT, FOREIGN KEY(`userId`) REFERENCES `scaleUsers`(`id`) ON UPDATE NO ACTION ON DELETE CASCADE )",
        "fields": [
          {
            "fieldPath": "id",
            "columnName": "id",
            "affinity": "INTEGER",
            "notNull": true
          },
          {
            "fieldPath": "userId",
            "columnName": "userId",
            "affinity": "INTEGER",
            "notNull": true
          },
          {
            "fieldPath": "enabled",
            "columnName": "enabled",
            "affinity": "INTEGER",
            "notNull": true
          },
          {
            "fieldPath": "dateTime",
            "columnName": "datetime",
            "affinity": "INTEGER",
            "notNull": false
          },
          {
            "fieldPath": "weight",
            "columnName": "weight",
            "affinity": "REAL",
            "notNull": true
          },
          {
            "fieldPath": "fat",
            "columnName": "fat",
            "affinity": "REAL",
            "notNull": true
          },
          {
            "fieldPath": "water",
            "columnName": "water",
            "affinity": "REAL",
            "notNull": true
          },
          {
            "fieldPath": "muscle",
            "columnName": "muscle",
            "affinity": "REAL",
            "notNull": true
          },
          {
            "fieldPath": "visceralFat",
            "columnName": "visceralFat",
            "affinity": "REAL",
            "notNull": true
          },
          {
            "fieldPath": "lbm",
            "columnName": "lbm",
            "affinity": "REAL",
            "notNull": true
          },
          {
            "fieldPath": "waist",
            "columnName": "waist",
            "affinity": "REAL",
            "notNull": true
          },
          {
            "fieldPath": "hip",
            "columnName": "hip",
            "affinity": "REAL",
            "notNull": true
          },
          {
            "fieldPath": "bone",
            "columnName": "bone",
            "affinity": "REAL",
            "notNull": true
          },
          {
            "fieldPath": "chest",
            "columnName": "chest",
            "affinity": "REAL",
            "notNull": true
          },
          {
            "fieldPath": "thigh",
            "columnName": "thigh",
            "affinity": "REAL",
            "notNull": true
          },
          {
            "fieldPath": "biceps",
            "columnName": "biceps",
            "affinity": "REAL",
            "notNull": true
          },
          {
            "fieldPath": "neck",
            "columnName": "neck",
            "affinity": "REAL",
            "notNull": true
          },
          {
            "fieldPath": "caliper1",
            "columnName": "caliper1",
            "affinity": "REAL",
            "notNull": true
          },
          {
            "fieldPath": "caliper2",
            "columnName": "caliper2",
            "affinity": "REAL",
            "notNull": true
          },
          {
            "fieldPath": "caliper3",
            "columnName": "caliper3",
            "affinity": "REAL",
            "notNull": true
          },
          {
            "fieldPath": "calories",
            "columnName": "calories",
            "affinity": "REAL",
            "notNull": true
          },
          {
            "fieldPath": "comment",
            "columnName": "comment",
            "affinity": "TEXT",
            "notNull": false
          }
        ],
        "primaryKey": {
          "columnNames": [
            "id"
          ],
          "autoGenerate": true
        },
        "indices": [
          {
            "name": "index_scaleMeasurements_userId_datetime",
            "unique": true,
            "columnNames": [
              "userId",
              "datetime"
            ],
            "createSql": "CREATE UNIQUE INDEX `index_scaleMeasurements_userId_datetime` ON `${TABLE_NAME}` (`userId`, `datetime`)"
          }
        ],
        "foreignKeys": [
          {
            "table": "scaleUsers",
            "onDelete": "CASCADE",
            "onUpdate": "NO ACTION",
            "columns": [
              "userId"
            ],
            "referencedColumns": [
              "id"
            ]
          }
        ]
      },
      {
        "tableName": "scaleUsers",
        "createSql": "CREATE TABLE IF NOT EXISTS `${TABLE_NAME}` (`id` INTEGER PRIMARY KEY AUTOINCREMENT NOT NULL, `username` TEXT NOT NULL, `birthday` INTEGER NOT NULL, `bodyHeight` REAL NOT NULL, `scaleUnit` INTEGER NOT NULL, `gender` INTEGER NOT NULL, `initialWeight` REAL NOT NULL, `goalWeight` REAL NOT NULL, `goalDate` INTEGER, `measureUnit` INTEGER NOT NULL, `activityLevel` INTEGER NOT NULL)",
        "fields": [
          {
            "fieldPath": "id",
            "columnName": "id",
            "affinity": "INTEGER",
            "notNull": true
          },
          {
            "fieldPath": "userName",
            "columnName": "username",
            "affinity": "TEXT",
            "notNull": true
          },
          {
            "fieldPath": "birthday",
            "columnName": "birthday",
            "affinity": "INTEGER",
            "notNull": true
          },
          {
            "fieldPath": "bodyHeight",
            "columnName": "bodyHeight",
            "affinity": "REAL",
            "notNull": true
          },
          {
            "fieldPath": "scaleUnit",
            "columnName": "scaleUnit",
            "affinity": "INTEGER",
            "notNull": true
          },
          {
            "fieldPath": "gender",
            "columnName": "gender",
            "affinity": "INTEGER",
            "notNull": true
          },
          {
            "fieldPath": "initialWeight",
            "columnName": "initialWeight",
            "affinity": "REAL",
            "notNull": true
          },
          {
            "fieldPath": "goalWeight",
            "columnName": "goalWeight",
            "affinity": "REAL",
            "notNull": true
          },
          {
            "fieldPath": "goalDate",
            "columnName": "goalDate",
            "affinity": "INTEGER",
            "notNull": false
          },
          {
            "fieldPath": "measureUnit",
            "columnName": "measureUnit",
            "affinity": "INTEGER",
            "notNull": true
          },
          {
            "fieldPath": "activityLevel",
            "columnName": "activityLevel",
            "affinity": "INTEGER",
            "notNull": true
          }
        ],
        "primaryKey": {
          "columnNames": [
            "id"
          ],
          "autoGenerate": true
        },
        "indices": [],
        "foreignKeys": []
      }
    ],
    "views": [],
    "setupQueries": [
      "CREATE TABLE IF NOT EXISTS room_master_table (id INTEGER PRIMARY KEY,identity_hash TEXT)",
      "INSERT OR REPLACE INTO room_master_table (id,identity_hash) VALUES(42, \"2db259b9e244ebad0c664f2c9fb36068\")"
    ]
  }
}