,,,,,,,
sensors
location
sensors,location
wifi
sensors,wifi
location,wifi
sensors,location,wifi
mobiledata
sensors,mobiledata
location,mobiledata
sensors,location,mobiledata
wifi,mobiledata
sensors,wifi,mobiledata
location,wifi,mobiledata
sensors,location,wifi,mobiledata
bluetooth
sensors,bluetooth
location,bluetooth
sensors,location,bluetooth
wifi,bluetooth
sensors,wifi,bluetooth
location,wifi,bluetooth
sensors,location,wifi,bluetooth
mobiledata,bluetooth
sensors,mobiledata,bluetooth
location,mobiledata,bluetooth
sensors,location,mobiledata,bluetooth
wifi,mobiledata,bluetooth
sensors,wifi,mobiledata,bluetooth
location,wifi,mobiledata,bluetooth
sensors,location,wifi,mobiledata,bluetooth
batterysaver
sensors,batterysaver
location,batterysaver
sensors,location,batterysaver
wifi,batterysaver
sensors,wifi,batterysaver
location,wifi,batterysaver
sensors,location,wifi,batterysaver
mobiledata,batterysaver
sensors,mobiledata,batterysaver
location,mobiledata,batterysaver
sensors,location,mobiledata,batterysaver
wifi,mobiledata,batterysaver
sensors,wifi,mobiledata,batterysaver
location,wifi,mobiledata,batterysaver
sensors,location,wifi,mobiledata,batterysaver
bluetooth,batterysaver
sensors,bluetooth,batterysaver
location,bluetooth,batterysaver
sensors,location,bluetooth,batterysaver
wifi,bluetooth,batterysaver
sensors,wifi,bluetooth,batterysaver
location,wifi,bluetooth,batterysaver
sensors,location,wifi,bluetooth,batterysaver
mobiledata,bluetooth,batterysaver
sensors,mobiledata,bluetooth,batterysaver
location,mobiledata,bluetooth,batterysaver
sensors,location,mobiledata,bluetooth,batterysaver
wifi,mobiledata,bluetooth,batterysaver
sensors,wifi,mobiledata,bluetooth,batterysaver
location,wifi,mobiledata,bluetooth,batterysaver
sensors,location,wifi,mobiledata,bluetooth,batterysaver
autorotate
sensors,autorotate
location,autorotate
sensors,location,autorotate
wifi,autorotate
sensors,wifi,autorotate
location,wifi,autorotate
sensors,location,wifi,autorotate
mobiledata,autorotate
sensors,mobiledata,autorotate
location,mobiledata,autorotate
sensors,location,mobiledata,autorotate
wifi,mobiledata,autorotate
sensors,wifi,mobiledata,autorotate
location,wifi,mobiledata,autorotate
sensors,location,wifi,mobiledata,autorotate
bluetooth,autorotate
sensors,bluetooth,autorotate
location,bluetooth,autorotate
sensors,location,bluetooth,autorotate
wifi,bluetooth,autorotate
sensors,wifi,bluetooth,autorotate
location,wifi,bluetooth,autorotate
sensors,location,wifi,bluetooth,autorotate
mobiledata,bluetooth,autorotate
sensors,mobiledata,bluetooth,autorotate
location,mobiledata,bluetooth,autorotate
sensors,location,mobiledata,bluetooth,autorotate
wifi,mobiledata,bluetooth,autorotate
sensors,wifi,mobiledata,bluetooth,autorotate
location,wifi,mobiledata,bluetooth,autorotate
sensors,location,wifi,mobiledata,bluetooth,autorotate
autorotate,batterysaver
sensors,autorotate,batterysaver
location,autorotate,batterysaver
sensors,location,autorotate,batterysaver
wifi,autorotate,batterysaver
sensors,wifi,autorotate,batterysaver
location,wifi,autorotate,batterysaver
sensors,location,wifi,autorotate,batterysaver
mobiledata,autorotate,batterysaver
sensors,mobiledata,autorotate,batterysaver
location,mobiledata,autorotate,batterysaver
sensors,location,mobiledata,autorotate,batterysaver
wifi,mobiledata,autorotate,batterysaver
sensors,wifi,mobiledata,autorotate,batterysaver
location,wifi,mobiledata,autorotate,batterysaver
sensors,location,wifi,mobiledata,autorotate,batterysaver
bluetooth,autorotate,batterysaver
sensors,bluetooth,autorotate,batterysaver
location,bluetooth,autorotate,batterysaver
sensors,location,bluetooth,autorotate,batterysaver
wifi,bluetooth,autorotate,batterysaver
sensors,wifi,bluetooth,autorotate,batterysaver
location,wifi,bluetooth,autorotate,batterysaver
sensors,location,wifi,bluetooth,autorotate,batterysaver
mobiledata,bluetooth,autorotate,batterysaver
sensors,mobiledata,bluetooth,autorotate,batterysaver
location,mobiledata,bluetooth,autorotate,batterysaver
sensors,location,mobiledata,bluetooth,autorotate,batterysaver
wifi,mobiledata,bluetooth,autorotate,batterysaver
sensors,wifi,mobiledata,bluetooth,autorotate,batterysaver
location,wifi,mobiledata,bluetooth,autorotate,batterysaver
sensors,location,wifi,mobiledata,bluetooth,autorotate,batterysaver
donotdisturb
sensors,donotdisturb
location,donotdisturb
sensors,location,donotdisturb
wifi,donotdisturb
sensors,wifi,donotdisturb
location,wifi,donotdisturb
sensors,location,wifi,donotdisturb
mobiledata,donotdisturb
sensors,mobiledata,donotdisturb
location,mobiledata,donotdisturb
sensors,location,mobiledata,donotdisturb
wifi,mobiledata,donotdisturb
sensors,wifi,mobiledata,donotdisturb
location,wifi,mobiledata,donotdisturb
sensors,location,wifi,mobiledata,donotdisturb
bluetooth,donotdisturb
sensors,bluetooth,donotdisturb
location,bluetooth,donotdisturb
sensors,location,bluetooth,donotdisturb
wifi,bluetooth,donotdisturb
sensors,wifi,bluetooth,donotdisturb
location,wifi,bluetooth,donotdisturb
sensors,location,wifi,bluetooth,donotdisturb
mobiledata,bluetooth,donotdisturb
sensors,mobiledata,bluetooth,donotdisturb
location,mobiledata,bluetooth,donotdisturb
sensors,location,mobiledata,bluetooth,donotdisturb
wifi,mobiledata,bluetooth,donotdisturb
sensors,wifi,mobiledata,bluetooth,donotdisturb
location,wifi,mobiledata,bluetooth,donotdisturb
sensors,location,wifi,mobiledata,bluetooth,donotdisturb
batterysaver,donotdisturb
sensors,batterysaver,donotdisturb
location,batterysaver,donotdisturb
sensors,location,batterysaver,donotdisturb
wifi,batterysaver,donotdisturb
sensors,wifi,batterysaver,donotdisturb
location,wifi,batterysaver,donotdisturb
sensors,location,wifi,batterysaver,donotdisturb
mobiledata,batterysaver,donotdisturb
sensors,mobiledata,batterysaver,donotdisturb
location,mobiledata,batterysaver,donotdisturb
sensors,location,mobiledata,batterysaver,donotdisturb
wifi,mobiledata,batterysaver,donotdisturb
sensors,wifi,mobiledata,batterysaver,donotdisturb
location,wifi,mobiledata,batterysaver,donotdisturb
sensors,location,wifi,mobiledata,batterysaver,donotdisturb
bluetooth,batterysaver,donotdisturb
sensors,bluetooth,batterysaver,donotdisturb
location,bluetooth,batterysaver,donotdisturb
sensors,location,bluetooth,batterysaver,donotdisturb
wifi,bluetooth,batterysaver,donotdisturb
sensors,wifi,bluetooth,batterysaver,donotdisturb
location,wifi,bluetooth,batterysaver,donotdisturb
sensors,location,wifi,bluetooth,batterysaver,donotdisturb
mobiledata,bluetooth,batterysaver,donotdisturb
sensors,mobiledata,bluetooth,batterysaver,donotdisturb
location,mobiledata,bluetooth,batterysaver,donotdisturb
sensors,location,mobiledata,bluetooth,batterysaver,donotdisturb
wifi,mobiledata,bluetooth,batterysaver,donotdisturb
sensors,wifi,mobiledata,bluetooth,batterysaver,donotdisturb
location,wifi,mobiledata,bluetooth,batterysaver,donotdisturb
sensors,location,wifi,mobiledata,bluetooth,batterysaver,donotdisturb
autorotate,donotdisturb
sensors,autorotate,donotdisturb
location,autorotate,donotdisturb
sensors,location,autorotate,donotdisturb
wifi,autorotate,donotdisturb
sensors,wifi,autorotate,donotdisturb
location,wifi,autorotate,donotdisturb
sensors,location,wifi,autorotate,donotdisturb
mobiledata,autorotate,donotdisturb
sensors,mobiledata,autorotate,donotdisturb
location,mobiledata,autorotate,donotdisturb
sensors,location,mobiledata,autorotate,donotdisturb
wifi,mobiledata,autorotate,donotdisturb
sensors,wifi,mobiledata,autorotate,donotdisturb
location,wifi,mobiledata,autorotate,donotdisturb
sensors,location,wifi,mobiledata,autorotate,donotdisturb
bluetooth,autorotate,donotdisturb
sensors,bluetooth,autorotate,donotdisturb
location,bluetooth,autorotate,donotdisturb
sensors,location,bluetooth,autorotate,donotdisturb
wifi,bluetooth,autorotate,donotdisturb
sensors,wifi,bluetooth,autorotate,donotdisturb
location,wifi,bluetooth,autorotate,donotdisturb
sensors,location,wifi,bluetooth,autorotate,donotdisturb
mobiledata,bluetooth,autorotate,donotdisturb
sensors,mobiledata,bluetooth,autorotate,donotdisturb
location,mobiledata,bluetooth,autorotate,donotdisturb
sensors,location,mobiledata,bluetooth,autorotate,donotdisturb
wifi,mobiledata,bluetooth,autorotate,donotdisturb
sensors,wifi,mobiledata,bluetooth,autorotate,donotdisturb
location,wifi,mobiledata,bluetooth,autorotate,donotdisturb
sensors,location,wifi,mobiledata,bluetooth,autorotate,donotdisturb
autorotate,batterysaver,donotdisturb
sensors,autorotate,batterysaver,donotdisturb
location,autorotate,batterysaver,donotdisturb
sensors,location,autorotate,batterysaver,donotdisturb
wifi,autorotate,batterysaver,donotdisturb
sensors,wifi,autorotate,batterysaver,donotdisturb
location,wifi,autorotate,batterysaver,donotdisturb
sensors,location,wifi,autorotate,batterysaver,donotdisturb
mobiledata,autorotate,batterysaver,donotdisturb
sensors,mobiledata,autorotate,batterysaver,donotdisturb
location,mobiledata,autorotate,batterysaver,donotdisturb
sensors,location,mobiledata,autorotate,batterysaver,donotdisturb
wifi,mobiledata,autorotate,batterysaver,donotdisturb
sensors,wifi,mobiledata,autorotate,batterysaver,donotdisturb
location,wifi,mobiledata,autorotate,batterysaver,donotdisturb
sensors,location,wifi,mobiledata,autorotate,batterysaver,donotdisturb
bluetooth,autorotate,batterysaver,donotdisturb
sensors,bluetooth,autorotate,batterysaver,donotdisturb
location,bluetooth,autorotate,batterysaver,donotdisturb
sensors,location,bluetooth,autorotate,batterysaver,donotdisturb
wifi,bluetooth,autorotate,batterysaver,donotdisturb
sensors,wifi,bluetooth,autorotate,batterysaver,donotdisturb
location,wifi,bluetooth,autorotate,batterysaver,donotdisturb
sensors,location,wifi,bluetooth,autorotate,batterysaver,donotdisturb
mobiledata,bluetooth,autorotate,batterysaver,donotdisturb
sensors,mobiledata,bluetooth,autorotate,batterysaver,donotdisturb
location,mobiledata,bluetooth,autorotate,batterysaver,donotdisturb
sensors,location,mobiledata,bluetooth,autorotate,batterysaver,donotdisturb
wifi,mobiledata,bluetooth,autorotate,batterysaver,donotdisturb
sensors,wifi,mobiledata,bluetooth,autorotate,batterysaver,donotdisturb
location,wifi,mobiledata,bluetooth,autorotate,batterysaver,donotdisturb
sensors,location,wifi,mobiledata,bluetooth,autorotate,batterysaver,donotdisturb
